{
	"training-data-06-01-2021-short.csv" : 	{
		"total_bar_number" : 16,
		"beats_per_bar" : 3,
		"total_duration" : 21790.479999999999563,
		"ratios" : 		{
			"beat_ratios" : 			{
				"bar1" : [ 49.90338164251208, 23.768115942028984, 26.328502415458939 ],
				"bar2" : [ 42.342978122794641, 29.710656316160904, 27.946365561044463 ],
				"bar3" : [ 36.951501154734409, 34.565050038491144, 28.48344880677444 ],
				"bar4" : [ 33.260553129548768, 31.368267831149925, 35.37117903930131 ],
				"bar5" : [ 40.534171249018073, 32.128829536527888, 27.336999214454043 ],
				"bar6" : [ 36.069455406471981, 28.176795580110497, 35.753749013417526 ],
				"bar7" : [ 33.207831325301207, 32.379518072289152, 34.412650602409641 ],
				"bar8" : [ 25.841874084919475, 39.458272327964863, 34.699853587115662 ],
				"bar9" : [ 33.995234312946785, 30.818109610802225, 35.186656076250991 ],
				"bar10" : [ 31.063504208110178, 31.216526396327467, 37.719969395562359 ],
				"bar11" : [ 32.660418168709441, 27.036770007209803, 40.302811824080749 ],
				"bar12" : [ 31.796502384737678, 31.24006359300477, 36.963434022257552 ],
				"bar13" : [ 25.953627524308153, 39.267015706806284, 34.779356768885563 ],
				"bar14" : [ 32.992930086410055, 32.050274941084055, 34.95679497250589 ],
				"bar15" : [ 30.799069045771915, 33.359193173002325, 35.84173778122576 ],
				"bar16" : [ 36.067408743237372, 27.594676947951008, 36.337914308811619 ]
			}
,
			"note_onset_ratios" : 			{
				"beat1.1" : [ 0.0, 1.730880929332032, 81.257502420135523, 81.772507260406542 ],
				"beat1.2" : [ 0.0, 1.591463414634192, 36.750000000000028 ],
				"beat1.3" : [ 0.0, 1.132110091743121 ],
				"beat2.1" : [ 0.0, 1.770000000000049, 77.214999999999961, 77.464999999999961 ],
				"beat2.2" : [ 0.0, 0.064133016626971, 69.75059382422792 ],
				"beat2.3" : [ 0.0, 49.116161616161527, 50.505050505050328 ],
				"beat3.1" : [ 0.0, 32.520833333333407, 50.327083333333391 ],
				"beat3.2" : 0.0,
				"beat3.3" : [ 0.0, 0.737837837837991 ],
				"beat4.1" : [ 0.0, 4.153172866520787, 72.993435448577586, 73.868708971553616 ],
				"beat4.2" : [ 0.0, 2.169373549884086, 35.097447795823719 ],
				"beat4.3" : [ 0.0, 0.273662551440386 ],
				"beat5.1" : [ 0.0, 2.548449612403014, 71.085271317829367, 71.833333333333158 ],
				"beat5.2" : [ 0.0, 1.268948655256459, 70.973105134474125 ],
				"beat5.3" : [ 0.0, 53.267241379310036 ],
				"beat6.1" : [ 0.0, 37.30634573304139, 37.916849015317304 ],
				"beat6.2" : 0.0,
				"beat6.3" : 0.0,
				"beat7.1" : [ 0.0, 3.725623582766377, 69.675736961451435, 72.244897959183675 ],
				"beat7.2" : [ 0.0, 34.646511627906953 ],
				"beat7.3" : [ 0.0, 1.199124726476717 ],
				"beat8.1" : [ 0.0, 0.623229461755928 ],
				"beat8.2" : [ 0.0, 0.083487940630603, 42.790352504638093, 69.046382189239182, 72.372912801484034 ],
				"beat8.3" : [ 0.0, 38.474683544303545, 59.552742616033768 ],
				"beat9.1" : [ 0.0, 37.726635514018589, 64.418224299065457, 64.584112149532686 ],
				"beat9.2" : [ 0.0, 38.551546391752645, 59.561855670102993 ],
				"beat9.3" : [ 0.0, 30.756207674943663, 34.422121896162579, 51.817155756207612, 52.568848758464959 ],
				"beat10.1" : [ 0.0, 42.482758620689701 ],
				"beat10.2" : [ 0.0, 2.112745098039342 ],
				"beat10.3" : [ 0.0, 0.170385395537561, 54.261663286004357 ],
				"beat11.1" : [ 0.0, 1.860927152318014, 50.554083885209458, 51.604856512141239 ],
				"beat11.2" : [ 0.0, 0.346666666666806 ],
				"beat11.3" : [ 0.0, 47.694096601073348, 49.618962432916149 ],
				"beat12.1" : [ 0.0, 0.052499999999789, 57.487499999999692, 61.890000000000001 ],
				"beat12.2" : [ 0.0, 1.1374045801521, 32.898218829515898 ],
				"beat12.3" : [ 0.0, 2.174193548386537, 29.845161290321936 ],
				"beat13.1" : [ 0.0, 2.959654178674928, 41.014409221902461 ],
				"beat13.2" : [ 0.0, 0.542857142856893, 39.708571428571119, 67.575238095237808 ],
				"beat13.3" : [ 0.0, 35.71397849462393, 59.793548387096941 ],
				"beat14.1" : [ 0.0, 37.423809523809595, 67.576190476190149 ],
				"beat14.2" : [ 0.0, 40.602941176471219, 67.627450980391984, 71.546568627451336 ],
				"beat14.3" : [ 0.0, 34.58651685393253, 36.833707865168044 ],
				"beat15.1" : [ 0.0, 32.226700251889767, 33.183879093199153 ],
				"beat15.2" : [ 0.0, 1.855813953488343, 36.693023255814531 ],
				"beat15.3" : [ 0.0, 0.164502164502089, 54.478354978354972 ],
				"beat16.1" : [ 0.0, 0.04741379310395, 48.799568965517366, 50.99568965517286 ],
				"beat16.2" : 0.0,
				"beat16.3" : [ 0.0, 26.503807649524923, 28.619406177803917 ]
			}
,
			"note_duration_ratios" : 			{
				"beat1.1" : [ 38.751210067763765, 79.023233301064863, 18.765730880929318, 19.008712487899352 ],
				"beat1.2" : [ 46.766260162601647, 22.843495934959346, 66.737804878048763 ],
				"beat1.3" : [ 101.09908256880729, 96.770642201834875 ],
				"beat2.1" : [ 23.249999999999989, 74.693333333333271, 22.736666666666704, 24.153333333333322 ],
				"beat2.2" : [ 61.261282660332505, 67.180522565320587, 15.420427553444149 ],
				"beat2.3" : [ 47.141414141414131, 49.330808080807941, 49.409090909090949 ],
				"beat3.1" : [ 38.595833333333417, 16.185416666666764, 54.783333333333452 ],
				"beat3.2" : 85.977728285077831,
				"beat3.3" : [ 18.637837837837996, 19.467567567567517 ],
				"beat4.1" : [ 72.993435448577586, 72.258205689277844, 26.905908096280079, 28.076586433260374 ],
				"beat4.2" : [ 100.141531322505827, 28.146171693735351, 66.600928074245886 ],
				"beat4.3" : [ 101.713991769547277, 10.662551440329258 ],
				"beat5.1" : [ 24.251937984496131, 71.203488372092934, 29.666666666666515, 28.186046511628039 ],
				"beat5.2" : [ 67.633251833740687, 59.760391198043969, 12.271393643031937 ],
				"beat5.3" : [ 48.698275862068577, 43.804597701149525 ],
				"beat6.1" : [ 38.275711159737455, 16.236323851203753, 10.461706783369831 ],
				"beat6.2" : 106.439775910363977,
				"beat6.3" : 38.470198675496668,
				"beat7.1" : [ 69.675736961451435, 67.380952380952436, 119.900226757369637, 27.897959183673464 ],
				"beat7.2" : [ 33.66976744186065, 67.874418604651112 ],
				"beat7.3" : [ 115.542669584244933, 12.724288840262856 ],
				"beat8.1" : [ 39.88951841359777, 106.691218130311853 ],
				"beat8.2" : [ 51.076066790352449, 72.28942486085343, 33.055658627087148, 31.57142857142868, 85.324675324675539 ],
				"beat8.3" : [ 41.135021097046263, 18.883966244725876, 37.917721518987193 ],
				"beat9.1" : [ 36.551401869158859, 27.306074766355248, 48.086448598130751, 32.999999999999957 ],
				"beat9.2" : [ 40.538659793814361, 21.43556701030904, 42.317010309278245 ],
				"beat9.3" : [ 31.932279909706629, 23.451467268622984, 18.146726862302373, 46.943566591422105, 44.882618510158231 ],
				"beat10.1" : [ 44.275862068965502, 57.438423645320213 ],
				"beat10.2" : [ 100.149509803921433, 16.499999999999684 ],
				"beat10.3" : [ 53.971602434077191, 47.91480730223148, 47.987829614604102 ],
				"beat11.1" : [ 34.487858719646965, 48.693156732891438, 48.006622516556789, 61.041942604856835 ],
				"beat11.2" : [ 18.362666666666883, 99.658666666666335 ],
				"beat11.3" : [ 47.000000000000227, 52.266547406082687, 48.264758497316649 ],
				"beat12.1" : [ 57.487499999999692, 60.757500000000242, 42.457500000000259, 39.172499999999388 ],
				"beat12.2" : [ 102.717557251907834, 31.409669211196494, 69.07124681933881 ],
				"beat12.3" : [ 18.694623655913727, 97.989247311828422, 70.318279569893022 ],
				"beat13.1" : [ 40.538904899135467, 102.824207492795324, 61.423631123919087 ],
				"beat13.2" : [ 153.057142857143106, 45.260952380952332, 29.314285714285742, 32.407619047619043 ],
				"beat13.3" : [ 48.677419354838719, 21.701075268816979, 41.316129032257884 ],
				"beat14.1" : [ 35.676190476189888, 28.659523809523247, 30.297619047619069 ],
				"beat14.2" : [ 67.686274509804136, 25.659313725489696, 35.627450980392197, 70.125000000000185 ],
				"beat14.3" : [ 32.950561797752421, 21.844943820224824, 12.676404494381938 ],
				"beat15.1" : [ 40.244332493703212, 94.28967254408073, 66.73047858942067 ],